language,category,question,option1,option2,option3,option4,correct
es,vida,¿En qué año nació San Josemaría?,1902,1928,1898,1910,1
es,vida,¿En qué ciudad nació?,Barbastro,Madrid,Zaragoza,Logroño,1
es,vida,¿Cómo se llamaban sus padres?,José y Dolores,Juan y María,Francisco y Carmen,Santiago y Josefa,1
es,vida,¿A dónde le llevó su madre para agradecer su curación de niño?,Torreciudad,El Pilar,Fátima,Lourdes,1
es,vida,¿Cómo se llama su hermano pequeño?,Santiago,Juan,Luis,Francisco,1
es,vida,¿Qué vio en Logroño que le hizo pensar que Dios quería algo de él?,Las pisadas de un carmelita en la nieve,Una luz en la iglesia,Un mendigo pidiendo,Una visión de ángeles,1
es,vida,¿En qué lugar celebró su primera misa?,En el Pilar de Zaragoza,En Barbastro,En Madrid,En Roma,1
es,vida,¿En qué fecha recibió la iluminación de fundar la Obra?,2 de octubre,14 de febrero,26 de junio,9 de enero,1
es,vida,¿A quién daba catequesis San Josemaría en sus primeros años en Madrid?,A niños pobres,A universitarios,A sacerdotes,A militares,1
es,vida,¿En qué fecha falleció en Roma?,26 de junio de 1975,2 de octubre de 1928,9 de enero de 1902,14 de febrero de 1930,1
es,vida,¿Dónde descansan actualmente sus restos?,Santa María de la Paz (Roma),Catedral de la Almudena,Basílica de San Pedro,Catedral de Zaragoza,1
es,vida,¿Qué Papa le declaró santo?,Juan Pablo II,Juan XXIII,Pablo VI,Benedicto XVI,1
es,vida,¿En qué año fue canonizado?,2002,1975,1992,2010,1
es,vida,¿Cuál es el núcleo del carisma del Opus Dei?,Santidad en medio del mundo,Vivir en un convento,Hacer solo oración oral,Irse de misiones lejos,1
es,vida,¿Qué significa ser buen cristiano según su mensaje?,Hacer las cosas por amor a Dios,Ir solo a misa,Ser muy serio,Saber mucha teología,1
es,escritos,¿Cuál fue el primer libro publicado por san Josemaría?,Santo Rosario,Camino,Forja,Amigos de Dios,1
es,escritos,¿Qué libro de san Josemaría contiene 999 puntos de meditación?,Camino,Surco,Forja,Via Crucis,1
es,escritos,¿Qué trilogía de libros breves recoge puntos para la oración personal?,"Camino, Surco y Forja","Conversaciones, Camino y Santo Rosario","Amigos de Dios, Surco y Via Crucis","Forja, Es Cristo que pasa y Amar a la Iglesia",1
es,escritos,¿Qué obra comenta los misterios del Rosario?,Santo Rosario,Camino,Forja,Conversaciones,1
es,escritos,¿Qué libro reúne homilías sobre fiestas y tiempos litúrgicos?,Es Cristo que pasa,Camino,La Abadesa de las Huelgas,Santo Rosario,1
es,escritos,¿Qué libro recoge homilías para la vida cristiana ordinaria?,Amigos de Dios,Surco,Via Crucis,Conversaciones,1
es,escritos,¿Qué obra presenta entrevistas a san Josemaría sobre el Opus Dei y la Iglesia?,Conversaciones,Forja,Camino,Santo Rosario,1
es,escritos,¿Qué libro de san Josemaría invita a meditar las estaciones de la Pasión?,Via Crucis,Surco,Amigos de Dios,Es Cristo que pasa,1
es,escritos,¿Qué expresión famosa aparece al comienzo de Camino?,Que tu vida no sea una vida estéril,Todos los caminos de la tierra,Reaviva el don de Dios,El hombre de la sonrisa permanente,1
es,escritos,¿Qué tema aparece de modo central en muchos escritos de san Josemaría?,La santificación del trabajo ordinario,El retiro del mundo,La política como fin principal,La fama personal,1
es,escritos,¿Qué libro nació a partir de notas y consideraciones espirituales escritas durante años?,Camino,La Abadesa de las Huelgas,Amar a la Iglesia,Conversaciones,1
es,escritos,¿Qué obra trata de modo especial el amor a la Iglesia?,Amar a la Iglesia,Forja,Santo Rosario,Surco,1
es,escritos,¿Qué libro fue publicado póstumamente y forma parte de la trilogía con Camino y Surco?,Forja,Santo Rosario,Conversaciones,La Abadesa de las Huelgas,1
es,escritos,¿Qué obra de investigación histórica escribió san Josemaría?,La Abadesa de las Huelgas,Camino,Surco,Via Crucis,1
es,escritos,"¿Para qué están pensados principalmente sus puntos de Camino, Surco y Forja?",Para hacer oración y examinar la vida,Para estudiar historia medieval,Para aprender música,Para organizar una biblioteca,1
es,centenario,¿En qué fecha está firmado el mensaje del Prelado sobre el Camino al Centenario?,19 de marzo de 2026,2 de octubre de 2028,14 de febrero de 2030,10 de junio de 2021,1
es,centenario,¿Con motivo de qué fiesta se publicó el mensaje?,La fiesta de san José,La fiesta de san Josemaría,La Navidad,La Asunción,1
es,centenario,¿Cómo llamaba san Josemaría a san José según el mensaje?,Mi padre y señor,Mi maestro y rey,Mi amigo fiel,Mi protector lejano,1
es,centenario,¿Qué frase de san Josemaría guía el camino hacia el Centenario?,Está todo hecho y todo por hacer,Duc in altum,Ora et labora,Paz y bien,1
es,centenario,¿Qué periodo abarcará la celebración del Centenario?,Del 2 de octubre de 2028 al 14 de febrero de 2030,Del 19 de marzo de 2026 al 26 de junio de 2027,Solo el 2 de octubre de 2028,Todo el año 2026,1
es,centenario,¿Qué expresa ese periodo de quinientos días?,"La unidad de mujeres y hombres, laicos y sacerdotes",Un cambio de sede,Un congreso académico,El final de la misión,1
es,centenario,¿Cuál fue el tema de las últimas Asambleas regionales?,Camino hacia el Centenario,La historia de Roma,La economía familiar,El arte cristiano,1
es,centenario,¿Qué tres ámbitos resonaron con especial fuerza en las aportaciones?,"Familia, trabajo y formación","Deporte, estudio y descanso","Liturgia, música y arquitectura","Viajes, cultura y economía",1
es,centenario,¿Cómo desea el mensaje mirar el pasado y el futuro?,"Con gratitud, examen humilde y esperanza",Con nostalgia y miedo,Con indiferencia,Con prisa y olvido,1
es,centenario,¿Qué ejemplo propone meditar para prepararse espiritualmente?,El de los primeros cristianos,El de los reyes medievales,El de los filósofos griegos,El de los exploradores,1
es,centenario,¿Qué idea se propone profundizar entre el 2 de octubre de 2026 y el 2 de octubre de 2027?,Ser contemplativos en medio del mundo,Vivir lejos del trabajo,Cambiar de vocación,Estudiar solo documentos antiguos,1
es,centenario,¿Qué enseñanza se propone tener más presente hasta el comienzo del Centenario?,La amistad y la confidencia,La competición y el éxito,El silencio absoluto,La improvisación constante,1
es,centenario,¿Sobre qué se invita a meditar del 2 de octubre de 2028 al 14 de febrero de 2030?,El trabajo desde la secularidad,La vida monástica,La historia del arte,La organización de viajes,1
es,centenario,¿Qué frase resume la enseñanza de san Josemaría sobre el trabajo?,"Santificar el trabajo, santificarnos con el trabajo, santificar a los demás con el trabajo",Trabajar solo por obligación,Evitar las tareas pequeñas,Separar la fe de la vida diaria,1
es,centenario,¿Qué arma recuerda el mensaje que tenemos desde el comienzo de la Obra?,La oración,La publicidad,La fuerza,La discusión,1
en,vida,In what year was Saint Josemaría born?,1902,1928,1898,1910,1
en,vida,In which city was he born?,Barbastro,Madrid,Zaragoza,Logroño,1
en,vida,What were his parents called?,José and Dolores,Juan and María,Francisco and Carmen,Santiago and Josefa,1
en,vida,Where did his mother take him to give thanks for his recovery as a child?,Torreciudad,El Pilar,Fatima,Lourdes,1
en,vida,What is the name of his younger brother?,Santiago,Juan,Luis,Francisco,1
en,vida,What did he see in Logroño that made him think God wanted something from him?,The footprints of a Carmelite in the snow,A light in the church,A beggar asking for help,A vision of angels,1
en,vida,Where did he celebrate his first Mass?,At El Pilar in Zaragoza,In Barbastro,In Madrid,In Rome,1
en,vida,On what date did he receive the inspiration to found the Work?,October 2,February 14,June 26,January 9,1
en,vida,To whom did Saint Josemaría teach catechism in his first years in Madrid?,Poor children,University students,Priests,Soldiers,1
en,vida,On what date did he die in Rome?,"June 26, 1975","October 2, 1928","January 9, 1902","February 14, 1930",1
en,vida,Where do his remains currently rest?,Saint Mary of Peace (Rome),Almudena Cathedral,Saint Peter’s Basilica,Zaragoza Cathedral,1
en,vida,Which Pope declared him a saint?,John Paul II,John XXIII,Paul VI,Benedict XVI,1
en,vida,In what year was he canonized?,2002,1975,1992,2010,1
en,vida,What is the core of the Opus Dei charism?,Holiness in the middle of the world,Living in a convent,Only saying vocal prayers,Going far away on missions,1
en,vida,What does being a good Christian mean according to his message?,Doing things for love of God,Only going to Mass,Being very serious,Knowing a lot of theology,1
en,escritos,What was the first book published by Saint Josemaría?,Holy Rosary,The Way,The Forge,Friends of God,1
en,escritos,Which book by Saint Josemaría contains 999 points for meditation?,The Way,Furrow,The Forge,The Way of the Cross,1
en,escritos,Which trilogy of short books gathers points for personal prayer?,"The Way, Furrow and The Forge","Conversations, The Way and Holy Rosary","Friends of God, Furrow and The Way of the Cross","The Forge, Christ Is Passing By and In Love with the Church",1
en,escritos,Which work comments on the mysteries of the Rosary?,Holy Rosary,The Way,The Forge,Conversations,1
en,escritos,Which book gathers homilies on feasts and liturgical seasons?,Christ Is Passing By,The Way,The Abbess of Las Huelgas,Holy Rosary,1
en,escritos,Which book gathers homilies for ordinary Christian life?,Friends of God,Furrow,The Way of the Cross,Conversations,1
en,escritos,Which work presents interviews with Saint Josemaría about Opus Dei and the Church?,Conversations,The Forge,The Way,Holy Rosary,1
en,escritos,Which book by Saint Josemaría invites meditation on the stations of the Passion?,The Way of the Cross,Furrow,Friends of God,Christ Is Passing By,1
en,escritos,What famous expression appears at the beginning of The Way?,May your life not be a barren life,All the paths of the earth,Rekindle the gift of God,The man with the permanent smile,1
en,escritos,What theme is central in many writings of Saint Josemaría?,The sanctification of ordinary work,Withdrawal from the world,Politics as the main goal,Personal fame,1
en,escritos,Which book arose from spiritual notes and considerations written over many years?,The Way,The Abbess of Las Huelgas,In Love with the Church,Conversations,1
en,escritos,Which work deals especially with love for the Church?,In Love with the Church,The Forge,Holy Rosary,Furrow,1
en,escritos,Which book was published posthumously and forms part of the trilogy with The Way and Furrow?,The Forge,Holy Rosary,Conversations,The Abbess of Las Huelgas,1
en,escritos,What historical research work did Saint Josemaría write?,The Abbess of Las Huelgas,The Way,Furrow,The Way of the Cross,1
en,escritos,"What are the points in The Way, Furrow and The Forge mainly intended for?",For prayer and examination of life,For studying medieval history,For learning music,For organizing a library,1
en,centenario,On what date is the Prelate’s message about the Road to the Centenary signed?,"March 19, 2026","October 2, 2028","February 14, 2030","June 10, 2021",1
en,centenario,On the occasion of which feast was the message published?,The feast of Saint Joseph,The feast of Saint Josemaría,Christmas,The Assumption,1
en,centenario,How did Saint Josemaría refer to Saint Joseph according to the message?,My father and lord,My teacher and king,My faithful friend,My distant protector,1
en,centenario,What phrase of Saint Josemaría guides the road to the Centenary?,Everything has been done and everything remains to be done,Duc in altum,Ora et labora,Peace and good,1
en,centenario,What period will the Centenary celebration cover?,"From October 2, 2028 to February 14, 2030","From March 19, 2026 to June 26, 2027","Only October 2, 2028",All of 2026,1
en,centenario,What does this five-hundred-day period express?,"The unity of women and men, lay people and priests",A change of headquarters,An academic congress,The end of the mission,1
en,centenario,What was the theme of the latest Regional Assemblies?,Road to the Centenary,The history of Rome,Family economics,Christian art,1
en,centenario,Which three areas stood out strongly in the contributions?,"Family, work and formation","Sport, study and rest","Liturgy, music and architecture","Travel, culture and economy",1
en,centenario,How does the message wish to look at the past and the future?,"With gratitude, humble examination and hope",With nostalgia and fear,With indifference,With haste and forgetfulness,1
en,centenario,Whose example does it propose meditating on for spiritual preparation?,The first Christians,Medieval kings,Greek philosophers,Explorers,1
en,centenario,"What idea is proposed for deeper study from October 2, 2026 to October 2, 2027?",Being contemplatives in the middle of the world,Living far from work,Changing vocation,Studying only old documents,1
en,centenario,What teaching is proposed to keep more present until the beginning of the Centenary?,Friendship and confidence,Competition and success,Absolute silence,Constant improvisation,1
en,centenario,"What are we invited to meditate on from October 2, 2028 to February 14, 2030?",Work from the perspective of secularity,Monastic life,Art history,Travel organization,1
en,centenario,What phrase summarizes Saint Josemaría’s teaching on work?,"Sanctify work, sanctify ourselves with work, sanctify others through work",Work only out of obligation,Avoid small tasks,Separate faith from daily life,1
en,centenario,What weapon does the message recall we have had from the beginning of the Work?,Prayer,Advertising,Force,Argument,1
sk,vida,V ktorom roku sa narodil svätý Josemaría?,1902,1928,1898,1910,1
sk,vida,V ktorom meste sa narodil?,Barbastro,Madrid,Zaragoza,Logroño,1
sk,vida,Ako sa volali jeho rodičia?,José a Dolores,Juan a María,Francisco a Carmen,Santiago a Josefa,1
sk,vida,"Kam ho matka vzala, aby sa poďakovala za jeho uzdravenie v detstve?",Torreciudad,El Pilar,Fatima,Lurdy,1
sk,vida,Ako sa volal jeho mladší brat?,Santiago,Juan,Luis,Francisco,1
sk,vida,"Čo videl v Logroñe, čo ho priviedlo k myšlienke, že Boh od neho niečo chce?",Stopy karmelitána v snehu,Svetlo v kostole,Žobráka prosiaceho o pomoc,Videnie anjelov,1
sk,vida,Kde slávil svoju prvú omšu?,V bazilike Pilar v Zaragoze,V Barbastre,V Madride,V Ríme,1
sk,vida,V ktorý deň prijal svetlo založiť Dielo?,2. októbra,14. februára,26. júna,9. januára,1
sk,vida,Koho učil svätý Josemaría katechizmus v prvých rokoch v Madride?,Chudobné deti,Univerzitných študentov,Kňazov,Vojakov,1
sk,vida,V ktorý deň zomrel v Ríme?,26. júna 1975,2. októbra 1928,9. januára 1902,14. februára 1930,1
sk,vida,Kde dnes odpočívajú jeho telesné pozostatky?,Panna Mária Pokoja v Ríme,Katedrála Almudena,Bazilika svätého Petra,Katedrála v Zaragoze,1
sk,vida,Ktorý pápež ho vyhlásil za svätého?,Ján Pavol II.,Ján XXIII.,Pavol VI.,Benedikt XVI.,1
sk,vida,V ktorom roku bol kanonizovaný?,2002,1975,1992,2010,1
sk,vida,Čo je jadrom charizmy Opus Dei?,Svätosť uprostred sveta,Život v kláštore,Iba ústna modlitba,Odísť na vzdialené misie,1
sk,vida,Čo podľa jeho posolstva znamená byť dobrým kresťanom?,Robiť veci z lásky k Bohu,Iba chodiť na omšu,Byť veľmi vážny,Vedieť veľa teológie,1
sk,escritos,"Aká bola prvá kniha, ktorú svätý Josemaría vydal?",Svätý ruženec,Cesta,Vyhňa,Boží priatelia,1
sk,escritos,Ktorá kniha svätého Josemaríu obsahuje 999 bodov na rozjímanie?,Cesta,Brázda,Vyhňa,Krížová cesta,1
sk,escritos,Ktorá trilógia krátkych kníh zhromažďuje body na osobnú modlitbu?,"Cesta, Brázda a Vyhňa","Rozhovory, Cesta a Svätý ruženec","Boží priatelia, Brázda a Krížová cesta","Vyhňa, Ísť s Kristom a Milovať Cirkev",1
sk,escritos,Ktoré dielo komentuje tajomstvá ruženca?,Svätý ruženec,Cesta,Vyhňa,Rozhovory,1
sk,escritos,Ktorá kniha zhromažďuje homílie o sviatkoch a liturgických obdobiach?,Ísť s Kristom,Cesta,Abatyša z Las Huelgas,Svätý ruženec,1
sk,escritos,Ktorá kniha zhromažďuje homílie pre bežný kresťanský život?,Boží priatelia,Brázda,Krížová cesta,Rozhovory,1
sk,escritos,Ktoré dielo prináša rozhovory so svätým Josemaríom o Opus Dei a Cirkvi?,Rozhovory,Vyhňa,Cesta,Svätý ruženec,1
sk,escritos,Ktorá kniha svätého Josemaríu pozýva rozjímať nad zastaveniami Pánovho umučenia?,Krížová cesta,Brázda,Boží priatelia,Ísť s Kristom,1
sk,escritos,Ktorý známy výraz sa objavuje na začiatku knihy Cesta?,Nech tvoj život nie je neplodný,Všetky cesty zeme,Oživ Boží dar,Muž stáleho úsmevu,1
sk,escritos,Ktorá téma je ústredná v mnohých spisoch svätého Josemaríu?,Posväcovanie obyčajnej práce,Útek zo sveta,Politika ako hlavný cieľ,Osobná sláva,1
sk,escritos,Ktorá kniha vznikla z duchovných poznámok a úvah písaných počas rokov?,Cesta,Abatyša z Las Huelgas,Milovať Cirkev,Rozhovory,1
sk,escritos,Ktoré dielo sa osobitne venuje láske k Cirkvi?,Milovať Cirkev,Vyhňa,Svätý ruženec,Brázda,1
sk,escritos,Ktorá kniha bola vydaná posmrtne a patrí do trilógie s Cestou a Brázdou?,Vyhňa,Svätý ruženec,Rozhovory,Abatyša z Las Huelgas,1
sk,escritos,Aké historické výskumné dielo napísal svätý Josemaría?,Abatyša z Las Huelgas,Cesta,Brázda,Krížová cesta,1
sk,escritos,"Na čo sú určené najmä body v knihách Cesta, Brázda a Vyhňa?",Na modlitbu a spytovanie života,Na štúdium stredovekých dejín,Na učenie hudby,Na usporiadanie knižnice,1
sk,centenario,V ktorý deň je podpísané posolstvo preláta o Ceste k storočnici?,19. marca 2026,2. októbra 2028,14. februára 2030,10. júna 2021,1
sk,centenario,Pri príležitosti ktorého sviatku bolo posolstvo uverejnené?,Sviatku svätého Jozefa,Sviatku svätého Josemaríu,Vianoc,Nanebovzatia,1
sk,centenario,Ako podľa posolstva nazýval svätý Josemaría svätého Jozefa?,Môj otec a pán,Môj učiteľ a kráľ,Môj verný priateľ,Môj vzdialený ochranca,1
sk,centenario,Ktorá veta svätého Josemaríu sprevádza cestu k storočnici?,Všetko je hotové a všetko treba ešte urobiť,Duc in altum,Ora et labora,Pokoj a dobro,1
sk,centenario,Aké obdobie bude zahŕňať oslava storočnice?,Od 2. októbra 2028 do 14. februára 2030,Od 19. marca 2026 do 26. júna 2027,Iba 2. októbra 2028,Celý rok 2026,1
sk,centenario,Čo vyjadruje toto päťstové dňové obdobie?,"Jednotu žien a mužov, laikov a kňazov",Zmenu sídla,Akademický kongres,Koniec misie,1
sk,centenario,Aká bola téma posledných regionálnych zhromaždení?,Cesta k storočnici,Dejiny Ríma,Rodinné hospodárstvo,Kresťanské umenie,1
sk,centenario,Ktoré tri oblasti silno zazneli v príspevkoch?,"Rodina, práca a formácia","Šport, štúdium a oddych","Liturgia, hudba a architektúra","Cesty, kultúra a ekonomika",1
sk,centenario,Ako chce posolstvo hľadieť na minulosť a budúcnosť?,"S vďačnosťou, pokorným skúmaním a nádejou",S nostalgiou a strachom,S ľahostajnosťou,S náhlením a zabudnutím,1
sk,centenario,Čí príklad navrhuje rozjímať pri duchovnej príprave?,Prvých kresťanov,Stredovekých kráľov,Gréckych filozofov,Objaviteľov,1
sk,centenario,Ktorú myšlienku navrhuje prehĺbiť od 2. októbra 2026 do 2. októbra 2027?,Byť kontemplatívni uprostred sveta,Žiť ďaleko od práce,Zmeniť povolanie,Študovať iba staré dokumenty,1
sk,centenario,Ktoré učenie navrhuje mať viac na pamäti do začiatku storočnice?,Priateľstvo a dôvernosť,Súťaž a úspech,Úplné ticho,Stála improvizácia,1
sk,centenario,O čom nás pozýva rozjímať od 2. októbra 2028 do 14. februára 2030?,O práci zo sekulárnosti,O mníšskom živote,O dejinách umenia,O organizovaní ciest,1
sk,centenario,Ktorá veta zhŕňa učenie svätého Josemaríu o práci?,"Posväcovať prácu, posväcovať sa prácou, posväcovať druhých prácou",Pracovať iba z povinnosti,Vyhýbať sa malým úlohám,Oddeľovať vieru od každodenného života,1
sk,centenario,Akú zbraň podľa posolstva máme od začiatku Diela?,Modlitbu,Reklamu,Silu,Diskusiu,1
sl,vida,Katerega leta se je rodil sveti Jožefmarija?,1902,1928,1898,1910,1
sl,vida,V katerem mestu se je rodil?,Barbastro,Madrid,Zaragoza,Logroño,1
sl,vida,Kako sta se imenovala njegova starša?,José in Dolores,Juan in María,Francisco in Carmen,Santiago in Josefa,1
sl,vida,"Kam ga je mati peljala, da bi se zahvalila za njegovo ozdravitev v otroštvu?",Torreciudad,El Pilar,Fatima,Lurd,1
sl,vida,Kako je ime njegovemu mlajšemu bratu?,Santiago,Juan,Luis,Francisco,1
sl,vida,"Kaj je videl v Logroñu, zaradi česar je pomislil, da Bog od njega nekaj želi?",Sledi karmeličana v snegu,Luč v cerkvi,"Berača, ki prosi",Videnje angelov,1
sl,vida,Kje je daroval svojo prvo mašo?,V baziliki Pilar v Zaragozi,V Barbastru,V Madridu,V Rimu,1
sl,vida,Katerega dne je prejel navdih za ustanovitev Dela?,2. oktobra,14. februarja,26. junija,9. januarja,1
sl,vida,Komu je sveti Jožefmarija v prvih letih v Madridu poučeval katekizem?,Revnim otrokom,Univerzitetnim študentom,Duhovnikom,Vojakom,1
sl,vida,Katerega dne je umrl v Rimu?,26. junija 1975,2. oktobra 1928,9. januarja 1902,14. februarja 1930,1
sl,vida,Kje danes počivajo njegovi posmrtni ostanki?,Sveta Marija miru v Rimu,Katedrala Almudena,Bazilika svetega Petra,Katedrala v Zaragozi,1
sl,vida,Kateri papež ga je razglasil za svetnika?,Janez Pavel II.,Janez XXIII.,Pavel VI.,Benedikt XVI.,1
sl,vida,Katerega leta je bil kanoniziran?,2002,1975,1992,2010,1
sl,vida,Kaj je jedro karizme Opus Dei?,Svetost sredi sveta,Življenje v samostanu,Samo ustna molitev,Odhod na oddaljene misijone,1
sl,vida,Kaj po njegovem sporočilu pomeni biti dober kristjan?,Delati stvari iz ljubezni do Boga,Samo hoditi k maši,Biti zelo resen,Veliko vedeti o teologiji,1
sl,escritos,"Katera je bila prva knjiga, ki jo je objavil sveti Jožefmarija?",Sveti rožni venec,Pot,Kovačnica,Božji prijatelji,1
sl,escritos,Katera knjiga svetega Jožefmarija vsebuje 999 točk za premišljevanje?,Pot,Brazda,Kovačnica,Križev pot,1
sl,escritos,Katera trilogija kratkih knjig zbira točke za osebno molitev?,"Pot, Brazda in Kovačnica","Pogovori, Pot in Sveti rožni venec","Božji prijatelji, Brazda in Križev pot","Kovačnica, Jezus prihaja mimo in Ljubiti Cerkev",1
sl,escritos,Katero delo razlaga skrivnosti rožnega venca?,Sveti rožni venec,Pot,Kovačnica,Pogovori,1
sl,escritos,Katera knjiga zbira homilije o praznikih in liturgičnih časih?,Jezus prihaja mimo,Pot,Opatinja iz Las Huelgas,Sveti rožni venec,1
sl,escritos,Katera knjiga zbira homilije za običajno krščansko življenje?,Božji prijatelji,Brazda,Križev pot,Pogovori,1
sl,escritos,Katero delo prinaša intervjuje s svetim Jožefmarijem o Opus Dei in Cerkvi?,Pogovori,Kovačnica,Pot,Sveti rožni venec,1
sl,escritos,Katera knjiga svetega Jožefmarija vabi k premišljevanju postaj Gospodovega trpljenja?,Križev pot,Brazda,Božji prijatelji,Jezus prihaja mimo,1
sl,escritos,Kateri znani izraz se pojavi na začetku Poti?,Naj tvoje življenje ne bo nerodovitno,Vse poti zemlje,Poživi Božji dar,Mož stalnega nasmeha,1
sl,escritos,Katera tema je osrednja v mnogih spisih svetega Jožefmarija?,Posvečevanje običajnega dela,Umaknitev iz sveta,Politika kot glavni cilj,Osebna slava,1
sl,escritos,"Katera knjiga je nastala iz duhovnih zapiskov in premišljevanj, pisanih skozi leta?",Pot,Opatinja iz Las Huelgas,Ljubiti Cerkev,Pogovori,1
sl,escritos,Katero delo se posebej posveča ljubezni do Cerkve?,Ljubiti Cerkev,Kovačnica,Sveti rožni venec,Brazda,1
sl,escritos,Katera knjiga je bila izdana posmrtno in spada v trilogijo s Potjo in Brazdo?,Kovačnica,Sveti rožni venec,Pogovori,Opatinja iz Las Huelgas,1
sl,escritos,Katero zgodovinsko raziskovalno delo je napisal sveti Jožefmarija?,Opatinja iz Las Huelgas,Pot,Brazda,Križev pot,1
sl,escritos,"Čemu so namenjene predvsem točke v knjigah Pot, Brazda in Kovačnica?",Moliti in presojati življenje,Študirati srednjeveško zgodovino,Učiti se glasbe,Urediti knjižnico,1
sl,centenario,Katerega dne je podpisano sporočilo prelata o Poti do stoletnice?,19. marca 2026,2. oktobra 2028,14. februarja 2030,10. junija 2021,1
sl,centenario,Ob katerem prazniku je bilo sporočilo objavljeno?,Ob prazniku svetega Jožefa,Ob prazniku svetega Jožefmarija,Ob božiču,Ob vnebovzetju,1
sl,centenario,Kako je po sporočilu sveti Jožefmarija imenoval svetega Jožefa?,Moj oče in gospod,Moj učitelj in kralj,Moj zvesti prijatelj,Moj oddaljeni varuh,1
sl,centenario,Kateri stavek svetega Jožefmarija vodi pot do stoletnice?,Vse je narejeno in vse je še treba narediti,Duc in altum,Ora et labora,Mir in dobro,1
sl,centenario,Katero obdobje bo zajemalo praznovanje stoletnice?,Od 2. oktobra 2028 do 14. februarja 2030,Od 19. marca 2026 do 26. junija 2027,Samo 2. oktober 2028,Vse leto 2026,1
sl,centenario,Kaj izraža to obdobje petsto dni?,"Edinost žensk in moških, laikov in duhovnikov",Spremembo sedeža,Akademski kongres,Konec poslanstva,1
sl,centenario,Katera je bila tema zadnjih regionalnih zborovanj?,Pot do stoletnice,Zgodovina Rima,Družinska ekonomija,Krščanska umetnost,1
sl,centenario,Katera tri področja so posebej močno odmevala v prispevkih?,"Družina, delo in formacija","Šport, študij in počitek","Liturgija, glasba in arhitektura","Potovanja, kultura in ekonomija",1
sl,centenario,Kako želi sporočilo gledati na preteklost in prihodnost?,"S hvaležnostjo, ponižnim izpraševanjem in upanjem",Z nostalgijo in strahom,Z brezbrižnostjo,Z naglico in pozabo,1
sl,centenario,Čigav zgled predlaga za premišljevanje pri duhovni pripravi?,Prvih kristjanov,Srednjeveških kraljev,Grških filozofov,Raziskovalcev,1
sl,centenario,Katero misel predlaga poglobiti od 2. oktobra 2026 do 2. oktobra 2027?,Biti kontemplativni sredi sveta,Živeti daleč od dela,Spremeniti poklicanost,Študirati samo stare dokumente,1
sl,centenario,"Kateri nauk predlaga, naj bo bolj navzoč do začetka stoletnice?",Prijateljstvo in zaupnost,Tekmovanje in uspeh,Popolna tišina,Stalna improvizacija,1
sl,centenario,O čem smo povabljeni premišljevati od 2. oktobra 2028 do 14. februarja 2030?,O delu iz sekularnosti,O meniškem življenju,O zgodovini umetnosti,O organiziranju potovanj,1
sl,centenario,Kateri stavek povzema nauk svetega Jožefmarija o delu?,"Posvečevati delo, posvečevati se z delom, posvečevati druge z delom",Delati samo iz dolžnosti,Izogibati se majhnim nalogam,Ločevati vero od vsakdanjega življenja,1
sl,centenario,Katero orožje po sporočilu imamo od začetka Dela?,Molitev,Oglaševanje,Silo,Razpravo,1
ptBR,vida,Em que ano São Josemaria nasceu?,1902,1928,1898,1910,1
ptBR,vida,Em que cidade nasceu?,Barbastro,Madri,Zaragoza,Logroño,1
ptBR,vida,Como se chamavam seus pais?,José e Dolores,João e María,Francisco e Carmen,Santiago e Josefa,1
ptBR,vida,Para onde sua mãe o levou para agradecer sua recuperação quando ele era criança?,Torreciudad,El Pilar,Fátima,Lourdes,1
ptBR,vida,Qual era o nome de seu irmão mais novo?,Santiago,João,Luis,Francisco,1
ptBR,vida,O que ele viu em Logroño que o levou a pensar que Deus lhe pedia algo?,As pegadas de um carmelita na neve,Uma luz na igreja,Um mendigo pedindo ajuda,Uma visão de anjos,1
ptBR,vida,Onde celebrou sua primeira missa?,No Pilar de Zaragoza,Em Barbastro,Em Madri,Em Roma,1
ptBR,vida,Em que data recebeu a inspiração para fundar a Obra?,2 de outubro,14 de fevereiro,26 de junho,9 de janeiro,1
ptBR,vida,A quem São Josemaria dava catequese nos primeiros anos em Madri?,A crianças pobres,A universitários,A sacerdotes,A militares,1
ptBR,vida,Em que data faleceu em Roma?,26 de junho de 1975,2 de outubro de 1928,9 de janeiro de 1902,14 de fevereiro de 1930,1
ptBR,vida,Onde repousam atualmente seus restos mortais?,"Santa Maria da Paz, em Roma",Catedral da Almudena,"Basílica de São Pedro, em Roma",Catedral de Zaragoza,1
ptBR,vida,Qual Papa o declarou santo?,João Paulo II,João XXIII,Paulo VI,Bento XVI,1
ptBR,vida,Em que ano foi canonizado?,2002,1975,1992,2010,1
ptBR,vida,Qual é a essência do carisma do Opus Dei?,A santidade no meio do mundo,Viver em um convento,Fazer apenas oração vocal,Ir para missões distantes,1
ptBR,vida,"Segundo a mensagem de São Josemaria, o que significa ser um bom cristão?",Fazer as coisas por amor a Deus,Ir apenas à missa,Ser muito sério,Saber muita teologia,1
ptBR,escritos,Qual foi o primeiro livro publicado por São Josemaria?,Santo Rosário,Caminho,Forja,Amigos de Deus,1
ptBR,escritos,Que livro de São Josemaria contém 999 pontos de meditação?,Caminho,Sulco,Forja,Via Sacra,1
ptBR,escritos,Que trilogia de livros breves reúne pontos para a oração pessoal?,"Caminho, Sulco e Forja","Entrevistas, Caminho e Santo Rosário","Amigos de Deus, Sulco e Via Sacra","Forja, É Cristo que passa e Amar a Igreja",1
ptBR,escritos,Que obra comenta os mistérios do Rosário?,Santo Rosário,Caminho,Forja,Entrevistas,1
ptBR,escritos,Que livro reúne homilias sobre festas e tempos litúrgicos?,É Cristo que passa,Caminho,A Abadessa de Las Huelgas,Santo Rosário,1
ptBR,escritos,Que livro reúne homilias para a vida cristã cotidiana?,Amigos de Deus,Sulco,Via Sacra,Entrevistas,1
ptBR,escritos,Que obra apresenta entrevistas com São Josemaria sobre o Opus Dei e a Igreja?,Entrevistas,Forja,Caminho,Santo Rosário,1
ptBR,escritos,Que livro de São Josemaria convida a meditar as estações da Paixão?,Via Sacra,Sulco,Amigos de Deus,É Cristo que passa,1
ptBR,escritos,Que expressão famosa aparece no início de Caminho?,Que a tua vida não seja uma vida estéril,Todos os caminhos da terra,Reaviva o dom de Deus,O homem do sorriso permanente,1
ptBR,escritos,Que tema aparece de modo central em muitos escritos de São Josemaria?,A santificação do trabalho ordinário,O afastamento do mundo,A política como fim principal,A fama pessoal,1
ptBR,escritos,Que livro nasceu de notas e considerações espirituais escritas ao longo dos anos?,Caminho,A Abadessa de Las Huelgas,Amar a Igreja,Entrevistas,1
ptBR,escritos,Que obra trata de modo especial do amor à Igreja?,Amar a Igreja,Forja,Santo Rosário,Sulco,1
ptBR,escritos,Que livro foi publicado postumamente e faz parte da trilogia com Caminho e Sulco?,Forja,Santo Rosário,Entrevistas,A Abadessa de Las Huelgas,1
ptBR,escritos,Que obra de pesquisa histórica São Josemaria escreveu?,A Abadessa de Las Huelgas,Caminho,Sulco,Via Sacra,1
ptBR,escritos,"Para que servem principalmente os pontos de Caminho, Sulco e Forja?",Para fazer oração e examinar a vida,Para estudar história medieval,Para aprender música,Para organizar uma biblioteca,1
ptBR,centenario,Em que data está assinada a mensagem do Prelado sobre o Caminho para o Centenário?,19 de março de 2026,2 de outubro de 2028,14 de fevereiro de 2030,10 de junho de 2021,1
ptBR,centenario,Por ocasião de que festa a mensagem foi publicada?,A festa de São José,A festa de São Josemaria,O Natal,A Assunção,1
ptBR,centenario,Como São Josemaria chamava São José segundo a mensagem?,Meu pai e senhor,Meu mestre e rei,Meu amigo fiel,Meu protetor distante,1
ptBR,centenario,Que frase de São Josemaria guia o caminho para o Centenário?,Está tudo feito e tudo por fazer,Duc in altum,Ora et labora,Paz e bem,1
ptBR,centenario,Que período abrangerá a celebração do Centenário?,De 2 de outubro de 2028 a 14 de fevereiro de 2030,De 19 de março de 2026 a 26 de junho de 2027,Somente 2 de outubro de 2028,Todo o ano de 2026,1
ptBR,centenario,O que expressa esse período de quinhentos dias?,"A unidade de mulheres e homens, leigos e sacerdotes",Uma mudança de sede,Um congresso acadêmico,O fim da missão,1
ptBR,centenario,Qual foi o tema das últimas Assembleias regionais?,Caminho para o Centenário,A história de Roma,A economia familiar,A arte cristã,1
ptBR,centenario,Que três âmbitos ressoaram com especial força nas contribuições?,"Família, trabalho e formação","Esporte, estudo e descanso","Liturgia, música e arquitetura","Viagens, cultura e economia",1
ptBR,centenario,Como a mensagem deseja olhar para o passado e para o futuro?,"Com gratidão, exame humilde e esperança",Com nostalgia e medo,Com indiferença,Com pressa e esquecimento,1
ptBR,centenario,Que exemplo propõe meditar para a preparação espiritual?,O dos primeiros cristãos,O dos reis medievais,O dos filósofos gregos,O dos exploradores,1
ptBR,centenario,Que ideia se propõe aprofundar entre 2 de outubro de 2026 e 2 de outubro de 2027?,Ser contemplativos no meio do mundo,Viver longe do trabalho,Mudar de vocação,Estudar apenas documentos antigos,1
ptBR,centenario,Que ensinamento se propõe ter mais presente até o início do Centenário?,A amizade e a confidência,A competição e o sucesso,O silêncio absoluto,A improvisação constante,1
ptBR,centenario,Sobre o que somos convidados a meditar de 2 de outubro de 2028 a 14 de fevereiro de 2030?,O trabalho a partir da secularidade,A vida monástica,A história da arte,A organização de viagens,1
ptBR,centenario,Que frase resume o ensinamento de São Josemaria sobre o trabalho?,"Santificar o trabalho, santificar-nos com o trabalho, santificar os outros com o trabalho",Trabalhar apenas por obrigação,Evitar as pequenas tarefas,Separar a fé da vida diária,1
ptBR,centenario,Que arma a mensagem recorda que temos desde o começo da Obra?,A oração,A publicidade,A força,A discussão,1
fr,vida,En quelle année saint Josémaria est-il né ?,1902,1928,1898,1910,1
fr,vida,Dans quelle ville est-il né ?,Barbastro,Madrid,Saragosse,Logroño,1
fr,vida,Comment s’appelaient ses parents ?,José et Dolores,Juan et María,Francisco et Carmen,Santiago et Josefa,1
fr,vida,"Après sa guérison durant son enfance, où ses parents l’ont-ils emmené pour remercier la Sainte Vierge ?",Torreciudad,La Vierge du Pilier,Fatima,Lourdes,1
fr,vida,Comment s’appelle son petit frère ?,Santiago,Juan,Luis,Francisco,1
fr,vida,Qu’a-t-il vu à Logroño qui lui a fait comprendre que Dieu attendait quelque chose de lui ?,Les traces d’un carme dans la neige,Une lumière dans l’église,Un mendiant qui demandait de l’aide,Une vision d’anges,1
fr,vida,Où a-t-il célébré sa première messe ?,Au Pilar de Saragosse,À Barbastro,À Madrid,À Rome,1
fr,vida,Quel jour Dieu lui a-t-il fait voir l’Opus Dei ?,2 octobre,14 février,26 juin,9 janvier,1
fr,vida,À qui saint Josémaria enseignait-il le catéchisme durant ses premières années à Madrid ?,À des enfants pauvres,À des étudiants,À des prêtres,À des militaires,1
fr,vida,À quelle date est-il mort à Rome ?,26 juin 1975,2 octobre 1928,9 janvier 1902,14 février 1930,1
fr,vida,Où repose actuellement Saint Josémaria ?,Sainte-Marie-de-la-Paix à Rome,Cathédrale de l’Almudena,Basilique Saint-Pierre,Cathédrale de Saragosse,1
fr,vida,Par quel pape saint Josémaria a-t-il été proclamé saint ?,Jean-Paul II,Jean XXIII,Paul VI,Benoît XVI,1
fr,vida,En quelle année saint Josémaria a-t-il été canonisé ?,2002,1975,1992,2010,1
fr,vida,Quel est le cœur du charisme de l’Opus Dei ?,La sainteté au milieu du monde,Vivre dans un couvent,Ne faire que des prières vocales,Partir dans des missions lointaines,1
fr,vida,"D’après le message de saint Josémaria, que signifie être un bon chrétien ?",Faire les choses par amour de Dieu,Aller seulement à la messe,Être très sérieux,Connaître beaucoup de théologie,1
fr,escritos,Quel fut le premier livre publié par saint Josémaria ?,Saint Rosaire,Chemin,Forge,Amis de Dieu,1
fr,escritos,Quel livre de saint Josémaria contient 999 points de méditation ?,Chemin,Sillon,Forge,Chemin de Croix,1
fr,escritos,Quelle trilogie de courts livres rassemble des points pour la prière personnelle ?,"Chemin, Sillon et Forge","Entretiens, Chemin et Saint Rosaire","Amis de Dieu, Sillon et Chemin de Croix","Forge, Quand le Christ passe et Aimer l’Église",1
fr,escritos,Quelle œuvre commente les mystères du Rosaire ?,Saint Rosaire,Chemin,Forge,Entretiens,1
fr,escritos,Quel livre rassemble des homélies sur les fêtes et les temps liturgiques ?,Quand le Christ passe,Chemin,L’Abbesse de Las Huelgas,Saint Rosaire,1
fr,escritos,Quel livre rassemble des homélies pour la vie chrétienne ordinaire ?,Amis de Dieu,Sillon,Chemin de Croix,Entretiens,1
fr,escritos,Quelle œuvre présente des entretiens avec saint Josémaria sur l’Opus Dei et l’Église ?,Entretiens,Forge,Chemin,Saint Rosaire,1
fr,escritos,Quel livre de saint Josémaria invite à méditer les stations de la Passion ?,Chemin de Croix,Sillon,Amis de Dieu,Quand le Christ passe,1
fr,escritos,Quelle expression célèbre apparaît au début de Chemin ?,Que ta vie ne soit pas une vie stérile,Tous les chemins de la terre,Ravive le don de Dieu,L’homme au sourire permanent,1
fr,escritos,Quel thème apparaît de manière centrale dans beaucoup d’écrits de saint Josémaria ?,La sanctification du travail ordinaire,Le retrait du monde,La politique comme but principal,La renommée personnelle,1
fr,escritos,Quel livre est né de notes et de considérations spirituelles écrites pendant des années ?,Chemin,L’Abbesse de Las Huelgas,Aimer l’Église,Entretiens,1
fr,escritos,Quelle œuvre traite spécialement de l’amour de l’Église ?,Aimer l’Église,Forge,Saint Rosaire,Sillon,1
fr,escritos,Quel livre a été publié après sa mort et fait partie de la trilogie avec Chemin et Sillon ?,Forge,Saint Rosaire,Entretiens,L’Abbesse de Las Huelgas,1
fr,escritos,Quelle œuvre de recherche historique saint Josémaria a-t-il écrite ?,L’Abbesse de Las Huelgas,Chemin,Sillon,Chemin de Croix,1
fr,escritos,"À quoi servent principalement les points de Chemin, Sillon et Forge ?",À prier et à examiner sa vie,À étudier l’histoire médiévale,À apprendre la musique,À organiser une bibliothèque,1
fr,centenario,À quelle date est signé le message du Prélat sur le Chemin vers le Centenaire ?,19 mars 2026,2 octobre 2028,14 février 2030,10 juin 2021,1
fr,centenario,À l’occasion de quelle fête le message a-t-il été publié ?,La fête de saint Joseph,La fête de saint Josémaria,Noël,L’Assomption,1
fr,centenario,Comment saint Josémaria appelait-il saint Joseph selon le message ?,Mon père et seigneur,Mon maître et roi,Mon ami fidèle,Mon protecteur lointain,1
fr,centenario,Quelle phrase de saint Josémaria guide le chemin vers le Centenaire ?,Tout est fait et tout reste à faire,Duc in altum,Ora et labora,Paix et bien,1
fr,centenario,Quelle période couvrira la célébration du Centenaire ?,Du 2 octobre 2028 au 14 février 2030,Du 19 mars 2026 au 26 juin 2027,Seulement le 2 octobre 2028,Toute l’année 2026,1
fr,centenario,Qu’exprime cette période de cinq cents jours ?,"L’unité des femmes et des hommes, des laïcs et des prêtres",Un changement de siège,Un congrès universitaire,La fin de la mission,1
fr,centenario,Quel fut le thème des dernières Assemblées régionales ?,Chemin vers le Centenaire,L’histoire de Rome,L’économie familiale,L’art chrétien,1
fr,centenario,Quels trois domaines ont particulièrement résonné dans les contributions ?,"La famille, le travail et la formation","Le sport, l’étude et le repos","La liturgie, la musique et l’architecture","Les voyages, la culture et l’économie",1
fr,centenario,Comment le message souhaite-t-il regarder le passé et l’avenir ?,"Avec gratitude, examen humble et espérance",Avec nostalgie et peur,Avec indifférence,Avec hâte et oubli,1
fr,centenario,Quel exemple propose-t-il de méditer pour la préparation spirituelle ?,Celui des premiers chrétiens,Celui des rois médiévaux,Celui des philosophes grecs,Celui des explorateurs,1
fr,centenario,Quelle idée propose-t-il d’approfondir du 2 octobre 2026 au 2 octobre 2027 ?,Être contemplatifs au milieu du monde,Vivre loin du travail,Changer de vocation,Étudier seulement des documents anciens,1
fr,centenario,Quel enseignement propose-t-il d’avoir davantage présent jusqu’au début du Centenaire ?,L’amitié et la confidence,La compétition et le succès,Le silence absolu,L’improvisation constante,1
fr,centenario,Sur quoi sommes-nous invités à méditer du 2 octobre 2028 au 14 février 2030 ?,Le travail à partir de la sécularité,La vie monastique,L’histoire de l’art,L’organisation de voyages,1
fr,centenario,Quelle phrase résume l’enseignement de saint Josémaria sur le travail ?,"Sanctifier le travail, nous sanctifier par le travail, sanctifier les autres par le travail",Travailler seulement par obligation,Éviter les petites tâches,Séparer la foi de la vie quotidienne,1
fr,centenario,Quelle arme le message rappelle-t-il que nous avons depuis le début de l’Œuvre ?,La prière,La publicité,La force,La discussion,1